{"cameraMode":{"drawMode":0,"name":"Shaded","section":"Shading Mode"},"sceneLighting":false,"audioPlay":false,"sceneViewState":{"m_AlwaysRefresh":false,"showFog":true,"showSkybox":false,"showFlares":true,"showImageEffects":true,"showParticleSystems":true,"showVisualEffectGraphs":true,"m_FxEnabled":true},"in2DMode":false,"pivot":{"x":-18.578205108642579,"y":-6.857615947723389,"z":23.320905685424806},"rotation":{"x":0.10620536655187607,"y":-0.041749630123376849,"z":0.004463083576411009,"w":0.9934602975845337},"size":1.4686764478683472,"orthographic":true}