{"cameraMode":{"drawMode":0,"name":"Shaded","section":"Shading Mode"},"sceneLighting":true,"audioPlay":false,"sceneViewState":{"m_AlwaysRefresh":false,"showFog":true,"showSkybox":true,"showFlares":true,"showImageEffects":true,"showParticleSystems":true,"showVisualEffectGraphs":true,"m_FxEnabled":true},"in2DMode":false,"pivot":{"x":5.605669021606445,"y":11.96330451965332,"z":-34.30221176147461},"rotation":{"x":0.19740453362464906,"y":-0.08663167059421539,"z":0.01751553639769554,"w":0.9763336181640625},"size":12.026444435119629,"orthographic":true}