{"cameraMode":{"drawMode":0,"name":"Shaded","section":"Shading Mode"},"sceneLighting":false,"audioPlay":false,"sceneViewState":{"m_AlwaysRefresh":false,"showFog":true,"showSkybox":false,"showFlares":true,"showImageEffects":true,"showParticleSystems":true,"showVisualEffectGraphs":true,"m_FxEnabled":true},"in2DMode":false,"pivot":{"x":-18.578205108642579,"y":-6.857615947723389,"z":13.320905685424805},"rotation":{"x":0.2992040514945984,"y":-0.19290383160114289,"z":0.06189612299203873,"w":0.9324530363082886},"size":0.8660253882408142,"orthographic":false}